{
  "model_config_id": "f20ea672-bfa4-422b-884f-0a4c09356fd0",
  "dataset": {
    "id": "2ea2d39f-866f-46f6-beec-972ed2136ed5",
    "filename": "dataset.csv"
  },
  "timespan": [101.0, 108.0],
  "extra": {
    "initials": {
      "S": 0.49457800495224524,
      "E": 0.26745259325403603,
      "I": 0.4497387877393193,
      "R": 0.32807705995998604,
      "D": 0.8545934885162726
    },
    "params": {
      "exp":   0.16207166221196045,
      "conv":  0.7009195813964052,
      "rec":   0.7040317196117394,
      "death": 0.15807853921067516
     }
  }
}